#title = mean sea level anomaly global ocean (66S to 66N) (Annual signals removed) ,,,,
#institution = NOAA/Laboratory for Satellite Altimetry ,,,,
#references = NOAA Sea Level Rise (http://www.star.nesdis.noaa.gov/sod/lsa/SeaLevelRise/) and Radar Altimeter Database System (http://www.deos.tudelft.nl/altim/rads/) ,,,,
#comment = Data use policy: In publications, presentations, or on web pages based on LSA data the following acknowledgment should be included: 'Altimetry data are provided by NOAA Laboratory for Satellite Altimetry.' ,,
#trend = 2.94 mm/year (no glacial isostatic adjustment correction) ,,,,
year,TOPEX/Poseidon,Jason-1,Jason-2,Jason-3
1992.9614,-19.45,,,
1992.9865,-19.87,,,
1993.0123,-15.53,,,
1993.0407,-19.33,,,
1993.066,-23.86,,,
1993.0974,-27.14,,,
1993.1206,-25.03,,,
1993.1493,-18.91,,,
1993.1765,-15.84,,,
1993.2037,-16.25,,,
1993.2307,-19.67,,,
1993.2851,-22.66,,,
1993.3123,-16.18,,,
1993.3394,-15.62,,,
1993.3665,-12.52,,,
1993.3937,-17.03,,,
1993.4208,-21.43,,,
1993.448,-18.28,,,
1993.4751,-13.56,,,
1993.5021,-10.62,,,
1993.5294,-11.89,,,
1993.5837,-20.96,,,
1993.6117,-18.32,,,
1993.6381,-14.53,,,
1993.6652,-11.12,,,
1993.6923,-13.45,,,
1993.7189,-19.97,,,
1993.7466,-20.56,,,
1993.7738,-15.87,,,
1993.8009,-16.55,,,
1993.8553,-13.15,,,
1993.8824,-18.93,,,
1993.9098,-19.41,,,
1993.9367,-16.92,,,
1993.9639,-9.22,,,
1993.9907,-7.26,,,
1994.0181,-15.87,,,
1994.0452,-15.76,,,
1994.0723,-17.27,,,
1994.0995,-18.9,,,
1994.1267,-17.35,,,
1994.1539,-11.07,,,
1994.1809,-10.42,,,
1994.2353,-15.35,,,
1994.2624,-13.03,,,
1994.2896,-10.72,,,
1994.3168,-7.92,,,
1994.3439,-11.35,,,
1994.371,-15.85,,,
1994.3982,-18.58,,,
1994.4253,-15.39,,,
1994.4524,-8.88,,,
1994.5067,-15.51,,,
1994.5339,-14.54,,,
1994.561,-17.57,,,
1994.5882,-13.99,,,
1994.6154,-11.64,,,
1994.6425,-8.9,,,
1994.6697,-11.8,,,
1994.6968,-14.41,,,
1994.7239,-17.21,,,
1994.751,-16.12,,,
1994.7782,-14.46,,,
1994.8054,-8.28,,,
1994.8325,-9.86,,,
1994.8868,-17.47,,,
1994.914,-17.62,,,
1994.9412,-7.69,,,
1994.9684,-6.69,,,
1994.9955,-9.82,,,
1995.0226,-12.67,,,
1995.0497,-15.2,,,
1995.0769,-6.94,,,
1995.104,-7.61,,,
1995.1312,-8.99,,,
1995.1583,-9.44,,,
1995.2127,-8.22,,,
1995.2398,-13.54,,,
1995.2669,-7.9,,,
1995.2941,-5.57,,,
1995.3212,-9.27,,,
1995.3755,-13.29,,,
1995.4028,-9.82,,,
1995.4298,-4.06,,,
1995.4569,-7.08,,,
1995.4841,-12.55,,,
1995.5384,-16.69,,,
1995.5655,-12.67,,,
1995.5927,-10.14,,,
1995.6199,-7.41,,,
1995.647,-12.68,,,
1995.674,-14.16,,,
1995.7013,-11.46,,,
1995.7285,-4.42,,,
1995.7556,-7.47,,,
1995.7827,-9.14,,,
1995.8371,-13.5,,,
1995.8643,-12.61,,,
1995.8899,-8.35,,,
1995.9456,-5.47,,,
1995.9728,-6.06,,,
1995.9998,-11.62,,,
1996.027,-13.38,,,
1996.0533,-10.87,,,
1996.0814,-5.72,,,
1996.1084,-1.93,,,
1996.1631,-8.41,,,
1996.1899,-11.49,,,
1996.2171,-8.11,,,
1996.2442,-3.72,,,
1996.2714,-6.77,,,
1996.2985,-11.03,,,
1996.3257,-11.01,,,
1996.3529,-8.22,,,
1996.38,-5.22,,,
1996.4071,-2.87,,,
1996.4342,-5.43,,,
1996.4886,-10.8,,,
1996.5157,-8.62,,,
1996.5429,-4.05,,,
1996.57,-0.08,,,
1996.5972,-3.68,,,
1996.6244,-10.28,,,
1996.6515,-11.97,,,
1996.6786,-13.84,,,
1996.7053,-7.97,,,
1996.7335,-1.84,,,
1996.76,-1.31,,,
1996.8144,4.51,,,
1996.8415,4.67,,,
1996.8687,1.51,,,
1996.8959,-4.71,,,
1996.923,-7.09,,,
1996.9501,-9.83,,,
1996.977,-15.75,,,
1997.0044,-11.6,,,
1997.0316,-5.49,,,
1997.0587,-5.69,,,
1997.0858,-6.21,,,
1997.1402,-9.99,,,
1997.1673,-7.79,,,
1997.1944,-6.08,,,
1997.2216,-3.9,,,
1997.2487,-5.6,,,
1997.2759,-9.53,,,
1997.303,-11.98,,,
1997.3302,-7.65,,,
1997.3573,-1.96,,,
1997.3844,-3.96,,,
1997.4116,-3.52,,,
1997.4659,-10.01,,,
1997.4928,-4.76,,,
1997.5202,-1.73,,,
1997.5474,3.69,,,
1997.5745,-2,,,
1997.6288,-5.25,,,
1997.656,-2.75,,,
1997.683,0.39,,,
1997.7103,3.46,,,
1997.7374,-0.41,,,
1997.7917,-3.97,,,
1997.8189,-1.77,,,
1997.846,2.75,,,
1997.8731,-2.55,,,
1997.9001,-7.03,,,
1997.9274,-9.58,,,
1997.9546,-11.7,,,
1997.9817,-5.31,,,
1998.0083,-2.71,,,
1998.036,-0.82,,,
1998.0903,-6.4,,,
1998.1174,-6.18,,,
1998.1446,-3.45,,,
1998.1717,-1.16,,,
1998.1989,-0.76,,,
1998.2261,-3.99,,,
1998.2532,-7.78,,,
1998.2792,-5.91,,,
1998.3075,-1.03,,,
1998.3347,0.42,,,
1998.3617,-2.69,,,
1998.4158,-10.98,,,
1998.4432,-8.6,,,
1998.4704,-4.93,,,
1998.4976,1.46,,,
1998.5247,-0.26,,,
1998.5518,-5.99,,,
1998.6062,-6.49,,,
1998.6333,-5.33,,,
1998.6604,-2.62,,,
1998.6876,-3.78,,,
1998.7147,-10.76,,,
1998.7419,-11.49,,,
1998.7689,-10.25,,,
1998.8234,-1.65,,,
1998.8505,-5.26,,,
1998.8775,-11.1,,,
1998.9046,-16.14,,,
1998.9319,-8.66,,,
1998.9591,-6.57,,,
1998.9862,-1.78,,,
1999.0133,-4.78,,,
1999.0405,-6.34,,,
1999.0948,-9,,,
1999.1256,6.44,,,
1999.1491,1.69,,,
1999.1763,-3.24,,,
1999.2034,-8.55,,,
1999.2306,-7.07,,,
1999.2577,-4.45,,,
1999.2848,-1.76,,,
1999.3392,-4.02,,,
1999.3663,-9.12,,,
1999.3933,-11.24,,,
1999.4206,-5.13,,,
1999.4478,-6.09,,,
1999.4749,-1.86,,,
1999.502,0.48,,,
1999.5292,-4.89,,,
1999.5566,-7.18,,,
1999.5834,-2.24,,,
1999.6106,-2.65,,,
1999.6377,0.8,,,
1999.692,-7.33,,,
1999.7192,-4.49,,,
1999.7462,-4.15,,,
1999.7735,3.54,,,
1999.8008,2.55,,,
1999.8278,-2.71,,,
1999.855,-8.86,,,
1999.8822,-8.44,,,
1999.9092,-4.34,,,
1999.9636,4.56,,,
1999.9907,4.04,,,
2000.0178,-3.48,,,
2000.045,-2.47,,,
2000.0721,5.02,,,
2000.0993,3,,,
2000.1264,1.15,,,
2000.1536,-1.57,,,
2000.1807,-6.12,,,
2000.2078,-6.34,,,
2000.235,2.14,,,
2000.2894,1.08,,,
2000.3165,-4.53,,,
2000.3436,-8.56,,,
2000.3707,-7.56,,,
2000.3978,-3.28,,,
2000.425,1.5,,,
2000.4522,0.52,,,
2000.4794,-2.7,,,
2000.5065,-4.71,,,
2000.5337,-1.93,,,
2000.5879,-0.08,,,
2000.6149,0.49,,,
2000.6423,-2.49,,,
2000.6694,-9.58,,,
2000.6965,-6.59,,,
2000.7235,1.81,,,
2000.7509,5.88,,,
2000.778,4.25,,,
2000.8051,-3.38,,,
2000.8595,-2.85,,,
2000.886,0.9,,,
2000.9145,3.81,,,
2000.9409,2.5,,,
2000.9681,-0.11,,,
2000.9952,0.96,,,
2001.0222,2.21,,,
2001.0766,5.65,,,
2001.1038,2.78,,,
2001.1309,-3.69,,,
2001.1581,-2.54,,,
2001.1852,3.59,,,
2001.2124,2.57,,,
2001.2395,6.46,,,
2001.2666,3.9,,,
2001.2937,0.82,,,
2001.321,-2.97,,,
2001.3482,-0.79,,,
2001.3752,5.11,,,
2001.4024,5.38,,,
2001.4296,4.04,,,
2001.4567,-0.88,,,
2001.484,4.45,,,
2001.511,6.9,,,
2001.5381,11.02,,,
2001.5653,7.54,,,
2001.5924,8.18,,,
2001.6195,0.32,,,
2001.6468,-1.67,,,
2001.6738,2.15,,,
2001.701,10.86,,,
2001.7283,10.49,,,
2001.7553,7.64,,,
2001.7825,-0.24,,,
2001.8096,-4.19,,,
2001.8368,3.59,,,
2001.8639,9.07,,,
2001.8918,8.03,,,
2001.9182,5.58,,,
2001.9454,0.72,,,
2001.9725,1.02,,,
2001.9996,9.07,,,
2002.027,7.02,,,
2002.0537,,0.46,,
2002.054,6.05,,,
2002.0811,5.47,,,
2002.0819,,7.18,,
2002.1083,0.77,8.66,,
2002.1352,,9.47,,
2002.1354,2.66,,,
2002.1626,7.49,8.62,,
2002.1897,8.11,,,
2002.1898,,2.81,,
2002.2168,8.39,,,
2002.2169,,4.58,,
2002.2438,,3.37,,
2002.244,2.78,,,
2002.2711,0.93,,,
2002.2713,,8.21,,
2002.2983,,3.94,,
2002.2988,-2.63,,,
2002.3254,4.19,4.75,,
2002.3525,,4.46,,
2002.3527,8.17,,,
2002.3797,8.27,6.34,,
2002.4069,6.33,5.47,,
2002.434,-0.24,2.91,,
2002.4611,4.31,6.31,,
2002.4883,14.1,8.84,,
2002.5155,,6.56,,
2002.5426,10.46,8.76,,
2002.5697,7.33,10.94,,
2002.5969,5.73,11.12,,
2002.6239,7.85,,,
2002.624,,11.56,,
2002.6512,,8.3,,
2002.6551,11.31,,,
2002.6783,11.47,,,
2002.6784,,6.04,,
2002.7055,,5.86,,
2002.7064,10.67,,,
2002.7326,7.7,,,
2002.7327,,8.35,,
2002.7598,,6.47,,
2002.7599,-0.71,,,
2002.7863,7.4,,,
2002.7869,,10.11,,
2002.8141,,12.79,,
2002.8143,15.31,,,
2002.8413,,5.14,,
2002.8415,12.47,,,
2002.8684,11.81,5.74,,
2002.8943,,9.73,,
2002.8962,11.9,,,
2002.9227,12.29,8.98,,
2002.9498,13.45,9.27,,
2002.977,14.15,7.29,,
2003.0041,,6.94,,
2003.0042,15.49,,,
2003.0312,12.19,,,
2003.0313,,7.05,,
2003.0584,13.1,12.16,,
2003.0856,8.59,12.31,,
2003.1127,13.84,14.79,,
2003.1398,11.4,,,
2003.1399,,9.48,,
2003.167,15.51,,,
2003.1671,,7.69,,
2003.1942,15.42,9.76,,
2003.2212,9.7,,,
2003.2213,,10.92,,
2003.2484,10,,,
2003.2485,,9.8,,
2003.2756,10.36,,,
2003.2799,,9.85,,
2003.3028,13.82,7.55,,
2003.3299,16.95,,,
2003.33,,8.47,,
2003.357,18.34,9.97,,
2003.3842,13.84,10.35,,
2003.4113,,10.27,,
2003.4114,9.88,,,
2003.4385,12.49,7.49,,
2003.4657,17.19,8.36,,
2003.4928,15.24,6.06,,
2003.52,11.27,6.74,,
2003.547,11.5,,,
2003.5471,,10.6,,
2003.5741,5.62,,,
2003.5742,,9.05,,
2003.6014,12.08,10.3,,
2003.6286,12.66,7.31,,
2003.6556,16.38,,,
2003.6557,,10.06,,
2003.6827,14.71,,,
2003.6829,,11.6,,
2003.71,5.18,11.75,,
2003.7371,,11.47,,
2003.7372,6.1,,,
2003.7642,10.07,,,
2003.7643,,13.54,,
2003.7914,13.33,11.43,,
2003.8186,,10.97,,
2003.8187,16.63,,,
2003.8457,16.84,10.18,,
2003.8708,,9,,
2003.8728,7.24,,,
2003.9,9.06,,,
2003.9112,,6.52,,
2003.9271,13.71,,,
2003.9272,,11.46,,
2003.9543,18.08,11.28,,
2003.9813,18.07,,,
2003.9815,,8.21,,
2004.0086,11.3,8.96,,
2004.0358,9.08,,,
2004.0359,,13.87,,
2004.0628,,13.14,,
2004.0629,8.15,,,
2004.0898,10.79,,,
2004.0901,,11.97,,
2004.1135,,6.21,,
2004.1173,15.92,,,
2004.1443,12.95,,,
2004.1489,,11.17,,
2004.1715,15.33,12.16,,
2004.1986,7.94,11.41,,
2004.2258,10.11,,,
2004.2259,,11.95,,
2004.2513,,14.01,,
2004.2531,16.72,,,
2004.2801,18.1,11.15,,
2004.3073,,14.47,,
2004.3075,21.77,,,
2004.3343,15.71,,,
2004.3344,,9.79,,
2004.3615,13.71,10.09,,
2004.3884,11.9,,,
2004.3886,,9.26,,
2004.4158,,12.96,,
2004.4429,,12.36,,
2004.4702,,10.91,,
2004.4728,19.05,,,
2004.4971,13.67,,,
2004.4973,,14.87,,
2004.5226,9.5,,,
2004.5244,,14.12,,
2004.5497,7.5,,,
2004.5516,,12.14,,
2004.5771,8.18,,,
2004.5787,,9.35,,
2004.606,,10.67,,
2004.6063,15.6,,,
2004.633,,13.18,,
2004.6331,16.98,,,
2004.6601,,12.62,,
2004.6602,13.49,,,
2004.687,8.06,,,
2004.6873,,14.08,,
2004.7143,11.36,,,
2004.7145,,16.74,,
2004.7416,,12.1,,
2004.7417,7.32,,,
2004.7686,17.26,,,
2004.7687,,13.52,,
2004.7959,,14.46,,
2004.796,15.08,,,
2004.8231,10.15,,,
2004.8232,,12.86,,
2004.8502,8.43,13.33,,
2004.8773,9.19,,,
2004.8774,,13.55,,
2004.9044,,8.27,,
2004.9045,9.16,,,
2004.9317,,11.85,,
2004.9318,16.84,,,
2004.9541,14.57,,,
2004.959,,13.11,,
2004.9859,12.7,,,
2004.986,,19.34,,
2005.0129,2.2,,,
2005.0131,,14.58,,
2005.0401,5.74,,,
2005.0402,,14.06,,
2005.0675,12.39,16.33,,
2005.0945,18.39,15.52,,
2005.1217,15.28,16.33,,
2005.1488,7.99,,,
2005.1491,,16.07,,
2005.1759,11.16,19.53,,
2005.2031,,17.96,,
2005.2033,9.95,,,
2005.2301,,12.78,,
2005.2303,10.13,,,
2005.2574,13.25,13.44,,
2005.2844,,18.37,,
2005.2847,16.94,,,
2005.3106,7.2,,,
2005.3117,,15.59,,
2005.3389,,16.81,,
2005.3394,8.58,,,
2005.3659,12.27,,,
2005.366,,16.7,,
2005.3932,16.66,,,
2005.3933,,15.77,,
2005.42,13.56,,,
2005.4203,,16.15,,
2005.4474,13.01,17.33,,
2005.4745,8.44,,,
2005.4746,,17.55,,
2005.5017,6.29,16.68,,
2005.5289,,18.99,,
2005.5291,11.11,,,
2005.556,,15.18,,
2005.5561,14.44,,,
2005.5831,17.67,,,
2005.5833,,16.85,,
2005.6102,15.77,,,
2005.6103,,14.66,,
2005.6376,,15.43,,
2005.6377,9.9,,,
2005.6646,,17.18,,
2005.6647,8.21,,,
2005.6917,12.98,,,
2005.6918,,17.94,,
2005.7137,,17.37,,
2005.719,17.72,,,
2005.7462,16.15,,,
2005.7511,,17.06,,
2005.7656,16.13,,,
2005.7734,,17.8,,
2005.8004,,16.5,,
2005.8275,,16.87,,
2005.8547,,19.9,,
2005.8818,,19.37,,
2005.9091,,17.94,,
2005.9362,,18.95,,
2005.9633,,19.92,,
2005.9906,,20.37,,
2006.0176,,18.7,,
2006.0447,,14.26,,
2006.0719,,17,,
2006.0991,,17.77,,
2006.1262,,16.75,,
2006.1535,,16.86,,
2006.1804,,17.79,,
2006.2076,,13.5,,
2006.2347,,17.21,,
2006.2619,,16.27,,
2006.289,,15.99,,
2006.3163,,15.91,,
2006.3433,,16.22,,
2006.3705,,19.62,,
2006.3975,,19.67,,
2006.4248,,19.24,,
2006.4519,,18.7,,
2006.4791,,17.99,,
2006.5064,,19.47,,
2006.5334,,19.15,,
2006.5605,,18.41,,
2006.5877,,16.75,,
2006.6148,,14.13,,
2006.642,,17.3,,
2006.6691,,19.84,,
2006.6963,,19.62,,
2006.7235,,20.43,,
2006.7507,,19.37,,
2006.7777,,20.6,,
2006.8049,,19.86,,
2006.8244,,19.36,,
2006.8894,,17.78,,
2006.9135,,16.81,,
2006.9403,,21.33,,
2006.9679,,20.04,,
2006.9949,,18.98,,
2007.022,,16.31,,
2007.0492,,14.86,,
2007.0765,,17.98,,
2007.1035,,16.91,,
2007.1303,,16.45,,
2007.1578,,18.33,,
2007.1849,,16.65,,
2007.2121,,18.14,,
2007.2392,,18.64,,
2007.266,,21.39,,
2007.2935,,21.31,,
2007.3207,,20.43,,
2007.3479,,14.74,,
2007.375,,19.73,,
2007.4022,,20.97,,
2007.4292,,18.83,,
2007.4564,,15.46,,
2007.4836,,15.42,,
2007.5107,,16.27,,
2007.5378,,15.11,,
2007.565,,14.53,,
2007.5921,,16.25,,
2007.6193,,19.4,,
2007.6466,,16.75,,
2007.6736,,15,,
2007.7007,,15.2,,
2007.7279,,20.44,,
2007.755,,19.63,,
2007.7822,,17.8,,
2007.8093,,17.72,,
2007.8365,,15.4,,
2007.8637,,18.95,,
2007.8908,,23.63,,
2007.918,,22.79,,
2007.9451,,20.75,,
2007.9723,,15.86,,
2007.9995,,17.81,,
2008.0266,,19.03,,
2008.0537,,22.36,,
2008.0808,,22.04,,
2008.108,,19.85,,
2008.1351,,21.17,,
2008.1623,,18.21,,
2008.1894,,21.4,,
2008.2166,,21.88,,
2008.2437,,20.97,,
2008.2709,,19.51,,
2008.2981,,20.83,,
2008.3253,,20.65,,
2008.3456,,19.83,,
2008.3795,,25.24,,
2008.4066,,25.17,,
2008.4338,,22.91,,
2008.4609,,21.61,,
2008.4881,,23.34,,
2008.5152,,24.36,,
2008.5423,,24.17,,
2008.5425,,,22.45,
2008.5695,,22.14,21.62,
2008.5922,,21.14,,
2008.5968,,,19.61,
2008.6238,,,22.11,
2008.6507,,,20.68,
2008.6509,,18.32,,
2008.6781,,,20.57,
2008.6782,,20.85,,
2008.7052,,19.28,19.51,
2008.7324,,20.66,21.15,
2008.7595,,22.48,21.57,
2008.7867,,21.41,22.2,
2008.8138,,23.59,22.77,
2008.841,,,21.18,
2008.8411,,21.44,,
2008.8681,,24.44,23.51,
2008.8953,,23.87,22.39,
2008.9224,,,26.98,
2008.9225,,27.27,,
2008.9496,,22.36,22.51,
2008.9768,,,21.09,
2008.9769,,20.58,,
2009.0039,,22.83,22.86,
2009.031,,23.74,,
2009.0316,,,23.48,
2009.0582,,23.25,22.94,
2009.0853,,,22.29,
2009.1124,,,19.98,
2009.1267,,20.36,,
2009.1396,,,21.95,
2009.1531,,23.55,,
2009.1667,,,23.19,
2009.1803,,26.89,,
2009.1939,,,24.14,
2009.2074,,27.5,,
2009.221,,,24.74,
2009.2346,,27.01,,
2009.2482,,,24.82,
2009.2618,,25.97,,
2009.2753,,,24.18,
2009.2889,,23.59,,
2009.3025,,,24.94,
2009.316,,25.81,,
2009.3296,,,25.1,
2009.3432,,27.82,,
2009.3567,,,24.62,
2009.3703,,24.02,,
2009.3839,,,23.78,
2009.3975,,24.17,,
2009.4107,,,23.34,
2009.4246,,23.84,,
2009.4382,,,25.35,
2009.4518,,27.7,,
2009.4653,,,25.97,
2009.4789,,24.89,,
2009.4925,,,24.17,
2009.5061,,24.68,,
2009.5197,,,22.24,
2009.5332,,24.66,,
2009.5468,,,23.68,
2009.5604,,27.81,,
2009.574,,,27.22,
2009.5875,,27.06,,
2009.6011,,,24,
2009.6147,,25.14,,
2009.6283,,,24.97,
2009.6418,,24.41,,
2009.6554,,,25.13,
2009.669,,26.54,,
2009.6826,,,25.75,
2009.6947,,29.3,,
2009.7097,,,28.62,
2009.736,,23.81,,
2009.7369,,,27.9,
2009.7504,,29.38,,
2009.764,,,27.17,
2009.7776,,28.1,,
2009.7911,,,28.25,
2009.8047,,27.36,,
2009.8184,,,28.68,
2009.8319,,29.88,,
2009.8455,,,28.35,
2009.859,,26.36,,
2009.8726,,,24.92,
2009.8862,,27.09,,
2009.8998,,,27.55,
2009.9133,,27.9,,
2009.9269,,,26.66,
2009.9405,,27.44,,
2009.954,,,24.8,
2009.9676,,28.13,,
2009.9812,,,29.59,
2009.9948,,27.98,,
2010.0084,,,26.45,
2010.0219,,29.31,,
2010.0355,,,25.93,
2010.0491,,26.46,,
2010.0626,,,24.99,
2010.0762,,22.47,,
2010.0898,,,21.31,
2010.1033,,24.5,,
2010.117,,,25.49,
2010.1305,,28.56,,
2010.1441,,,27.83,
2010.1576,,30.83,,
2010.1712,,,31.45,
2010.185,,30.25,,
2010.1983,,,25.2,
2010.212,,26.04,,
2010.2255,,,25.79,
2010.239,,26.24,,
2010.2527,,,25.56,
2010.2655,,25.89,,
2010.2799,,,28.33,
2010.2935,,31.31,,
2010.3069,,,28.59,
2010.3205,,28.73,,
2010.3341,,,25.84,
2010.3477,,27.44,,
2010.3612,,,26.05,
2010.3748,,28.83,,
2010.3884,,,30.3,
2010.4019,,27.17,,
2010.4155,,,30.24,
2010.4277,,28.13,,
2010.4427,,,30.32,
2010.4562,,29.96,,
2010.4698,,,30.71,
2010.4833,,28.42,,
2010.497,,,30.27,
2010.5105,,26.98,,
2010.5242,,,29.9,
2010.5377,,28.62,,
2010.5513,,,30.3,
2010.5639,,28.67,,
2010.5784,,,28.31,
2010.592,,28.55,,
2010.6055,,,26.57,
2010.6192,,31.01,,
2010.6328,,,27.63,
2010.6463,,27.47,,
2010.6599,,,23.8,
2010.6733,,25.51,,
2010.687,,,25.44,
2010.7006,,25.5,,
2010.7142,,,24.83,
2010.7277,,24.95,,
2010.7414,,,23.96,
2010.7549,,23.43,,
2010.7685,,,25.07,
2010.782,,25.5,,
2010.7956,,,28.32,
2010.8092,,29.12,,
2010.8228,,,26.51,
2010.8364,,28.5,,
2010.8499,,,25.62,
2010.8635,,26.15,,
2010.8771,,,26.84,
2010.8906,,22.22,,
2010.9043,,,22.7,
2010.9178,,20.88,,
2010.9314,,,23.95,
2010.9449,,23.94,,
2010.9586,,,23.6,
2010.9721,,25.95,,
2010.9857,,,25.98,
2010.9993,,26,,
2011.0129,,,23.63,
2011.0264,,22.72,,
2011.0399,,,22.99,
2011.0536,,22.55,,
2011.0671,,,24.74,
2011.0807,,25.33,,
2011.0943,,,23.24,
2011.1078,,23.34,,
2011.1214,,,22.08,
2011.135,,24.07,,
2011.1486,,,22.8,
2011.1621,,24.31,,
2011.1757,,,23.41,
2011.1892,,23.3,,
2011.2029,,,23.45,
2011.2164,,22.38,,
2011.23,,,21.34,
2011.2436,,23.07,,
2011.2571,,,23.2,
2011.2705,,23.11,,
2011.2843,,,23.57,
2011.2978,,22.93,,
2011.3115,,,23.13,
2011.325,,21.55,,
2011.3386,,,20.38,
2011.3521,,21.66,,
2011.3657,,,23.99,
2011.3793,,21.14,,
2011.3929,,,24.92,
2011.4064,,24.27,,
2011.42,,,25.03,
2011.4336,,24.91,,
2011.4471,,,25.68,
2011.4607,,25.72,,
2011.4743,,,28.03,
2011.4879,,25.54,,
2011.5014,,,26.16,
2011.5151,,24.27,,
2011.5286,,,25.35,
2011.5421,,22.17,,
2011.5558,,,24.42,
2011.5693,,24.25,,
2011.583,,,25.29,
2011.5965,,26.14,,
2011.61,,,27.94,
2011.6236,,25.08,,
2011.6372,,,28.2,
2011.6508,,29.02,,
2011.6644,,,27.56,
2011.6778,,26.67,,
2011.6916,,,25.82,
2011.7051,,22.68,,
2011.7187,,,25.35,
2011.7319,,25.78,,
2011.7459,,,27.72,
2011.7591,,27.8,,
2011.773,,,29.99,
2011.7867,,29.61,,
2011.8002,,,31.09,
2011.8137,,25.49,,
2011.8273,,,26.74,
2011.8408,,25.63,,
2011.8544,,,26.11,
2011.868,,21.94,,
2011.8816,,,26.97,
2011.8952,,26.76,,
2011.9087,,,29.66,
2011.922,,27.95,,
2011.9358,,,30.33,
2011.9495,,28.46,,
2011.9631,,,31.09,
2011.9765,,31.07,,
2011.9902,,,30.68,
2012.0037,,28.22,,
2012.0173,,,32.81,
2012.0309,,29.13,,
2012.0445,,,32.56,
2012.058,,30.84,,
2012.0716,,,33.98,
2012.0849,,31.49,,
2012.0987,,,32.35,
2012.1119,,31.56,,
2012.1258,,,33.78,
2012.127,,30.77,,
2012.1531,,,31.78,
2012.1672,,28.09,,
2012.1802,,,31.07,
2012.2073,,,32.4,
2012.2345,,,34.68,
2012.2616,,,32.55,
2012.2888,,,32.11,
2012.3159,,,32.37,
2012.343,,,33.11,
2012.3645,,36,,
2012.3702,,,35.31,
2012.3944,,33.77,,
2012.3973,,,34.53,
2012.4242,,35.94,,
2012.4245,,,33.92,
2012.4517,,,37.54,
2012.454,,38.18,,
2012.4745,,35.35,,
2012.4788,,,35.95,
2012.4949,,36.82,,
2012.506,,,35.54,
2012.5247,,37.51,,
2012.5331,,,38.8,
2012.5546,,40.23,,
2012.5603,,,40.03,
2012.5844,,37.7,,
2012.5874,,,37.98,
2012.6048,,40.33,,
2012.6145,,,37.5,
2012.6252,,35.99,,
2012.6417,,,33.56,
2012.6552,,35.49,,
2012.6688,,,36.24,
2012.6849,,35.8,,
2012.6961,,,35.21,
2012.7147,,37.43,,
2012.7232,,,38.68,
2012.735,,36.15,,
2012.7503,,,38.6,
2012.7555,,38.91,,
2012.7775,,,40.02,
2012.7852,,38.04,,
2012.8046,,,37.28,
2012.8151,,36.28,,
2012.8318,,,36.68,
2012.8355,,37.2,,
2012.8559,,40.41,,
2012.8589,,,38.6,
2012.8858,,39.78,,
2012.8861,,,38.8,
2012.9132,,,37.43,
2012.9156,,37.29,,
2012.9404,,,40.42,
2012.9454,,38.17,,
2012.9658,,34.94,,
2012.9675,,,37.59,
2012.9862,,35.45,,
2012.9946,,,38.46,
2013.0162,,39.23,,
2013.0218,,,38.6,
2013.0459,,37.92,,
2013.0489,,,38.62,
2013.0758,,42.25,,
2013.0761,,,40.82,
2013.0961,,39.77,,
2013.1031,,,40.06,
2013.1167,,40.5,,
2013.1304,,,37.57,
2013.1464,,39.41,,
2013.1575,,,39.35,
2013.1846,,,40.93,
2013.2118,,,39.75,
2013.2196,,37,,
2013.2265,,38.56,,
2013.2469,,39.79,,
2013.2765,,36.54,,
2013.2933,,,37.66,
2013.3066,,33.97,,
2013.3204,,,40.31,
2013.3269,,34.96,,
2013.3473,,41.44,,
2013.3475,,,40.65,
2013.3747,,,38.54,
2013.3771,,41.14,,
2013.4018,,,37.84,
2013.407,,39.67,,
2013.429,,,37.7,
2013.4368,,35.4,,
2013.4561,,,36.39,
2013.4572,,31.65,,
2013.4833,,,37.87,
2013.5104,,,36.82,
2013.5376,,,36.53,
2013.5648,,,38.03,
2013.5919,,,37.76,
2013.619,,,33.47,
2013.6462,,,33.52,
2013.6696,,,37.2,
2013.7071,,,33.03,
2013.7276,,,34.92,
2013.7548,,,36.08,
2013.7819,,,36.56,
2013.8091,,,39.67,
2013.8362,,,41.12,
2013.8634,,,39.19,
2013.8905,,,38.34,
2013.9177,,,37.5,
2013.9448,,,35.11,
2013.972,,,37.08,
2013.9992,,,38.46,
2014.0263,,,38.37,
2014.0534,,,38.48,
2014.0806,,,36.55,
2014.1077,,,38.57,
2014.1349,,,41.16,
2014.162,,,40.92,
2014.1891,,,41.29,
2014.2163,,,40.09,
2014.2435,,,39.87,
2014.2705,,,40.33,
2014.2978,,,40.5,
2014.3249,,,38.26,
2014.352,,,37.99,
2014.3791,,,38.16,
2014.4063,,,39.14,
2014.4334,,,38.18,
2014.4606,,,40.34,
2014.4878,,,41.78,
2014.5149,,,42.59,
2014.5421,,,42.17,
2014.5692,,,39.24,
2014.5964,,,41.13,
2014.6235,,,42.73,
2014.6507,,,42.98,
2014.6777,,,42.49,
2014.705,,,42.12,
2014.7321,,,39.26,
2014.7593,,,41.37,
2014.7864,,,44.7,
2014.8136,,,44.27,
2014.8407,,,41.68,
2014.8679,,,41.7,
2014.895,,,38.29,
2014.9222,,,39.68,
2014.9493,,,48,
2014.9776,,,45.53,
2015.0036,,,41.65,
2015.0308,,,44.85,
2015.0579,,,44.73,
2015.085,,,46.68,
2015.1122,,,47.18,
2015.1394,,,49.34,
2015.1664,,,48.38,
2015.1936,,,47.04,
2015.2207,,,46.74,
2015.2479,,,48.01,
2015.275,,,49.18,
2015.3023,,,48.54,
2015.3293,,,48,
2015.3565,,,46.82,
2015.3837,,,45.28,
2015.4108,,,47.54,
2015.438,,,48.65,
2015.465,,,49.28,
2015.4923,,,50.18,
2015.5194,,,48.95,
2015.5465,,,49.2,
2015.5736,,,49.14,
2015.6009,,,50.81,
2015.628,,,49.39,
2015.6551,,,53.15,
2015.6823,,,53.36,
2015.7094,,,51.53,
2015.7366,,,53.21,
2015.7637,,,53.77,
2015.7909,,,54.46,
2015.8181,,,56.58,
2015.8452,,,53.04,
2015.8723,,,49.61,
2015.8995,,,52.64,
2015.9267,,,53.36,
2015.9538,,,52.29,
2015.981,,,51.58,
2016.008,,,47.83,
2016.0353,,,51.52,
2016.0624,,,55.38,
2016.0896,,,52.11,
2016.1167,,,54.88,
2016.1228,,,,52.08
2016.1438,,,53.92,52.2
2016.171,,,54.35,53.08
2016.1959,,,,51.24
2016.1981,,,52.49,
2016.2252,,,55.39,
2016.2253,,,,55.16
2016.2513,,,53.75,
2016.2524,,,,53.65
2016.2795,,,53.02,
2016.2796,,,,53.37
2016.3066,,,,52.43
2016.3067,,,51.98,
2016.3338,,,52.04,
2016.3339,,,,51.83
2016.361,,,51.95,51.85
2016.3881,,,50.6,51.86
2016.4153,,,53.44,54.7
2016.4424,,,53.32,
2016.4425,,,,54.51
2016.4696,,,55.41,55.93
2016.4967,,,53.08,53.63
2016.5238,,,52.21,
2016.5239,,,,52.87
2016.5511,,,52.31,52.93
2016.5782,,,49.92,50.95
2016.6053,,,49.48,49.57
2016.6325,,,48.45,48.64
2016.6596,,,52.01,
2016.6597,,,,52.27
2016.6868,,,52.95,52.06
2016.7139,,,51.54,52.3
2016.7411,,,49.37,50.08
2016.7682,,,,48.38
2016.7953,,,,50.46
2016.8226,,,,51.13
2016.8497,,,,52.7
2016.8769,,,,53.13
2016.904,,,,56.95
2016.9298,,,,54.82
2016.9582,,,,52.83
2016.9854,,,,51.72
2017.0126,,,,52.15
2017.0397,,,,53.24
2017.0668,,,,51.65
2017.094,,,,50.06
2017.1211,,,,50.05
2017.1483,,,,50.96
2017.1754,,,,52.32
2017.2026,,,,52.37
2017.2297,,,,53.37
2017.2569,,,,55.17
2017.284,,,,53.69
2017.3111,,,,53.16
2017.3383,,,,52.27
2017.3655,,,,52.19
2017.3926,,,,48.99
2017.4198,,,,52.61
2017.4469,,,,51.99
2017.474,,,,51.79
2017.5012,,,,52.84
2017.5284,,,,53.83
2017.5555,,,,53.45
2017.5827,,,,57.13
2017.6098,,,,55.62
2017.6369,,,,54.59
2017.6641,,,,54.12
2017.6913,,,,55.82
2017.7185,,,,55.39
2017.7455,,,,53.22
2017.7727,,,,52.08
2017.7999,,,,53.62
2017.8271,,,,55.37
2017.8542,,,,57.2
2017.8813,,,,56.97
2017.9085,,,,58.24
2017.9355,,,,57.59
2017.9628,,,,57.87
2017.9899,,,,55.84
2018.017,,,,55.85
2018.0442,,,,55.42
2018.0713,,,,56.8
2018.0985,,,,57.77
2018.1256,,,,55.63
2018.1527,,,,54.61
2018.18,,,,56.45
2018.207,,,,57.09
2018.2342,,,,56.09
2018.2614,,,,54.48
2018.2886,,,,54.21
2018.3156,,,,54.99
2018.3428,,,,56.3
2018.3699,,,,56.43
2018.3971,,,,55.12
2018.4242,,,,55.82
2018.4513,,,,55.27
2018.4786,,,,55.33
2018.5057,,,,55.94
2018.5328,,,,58.59
2018.56,,,,58.67
2018.5871,,,,57.52
2018.6144,,,,56.27
2018.6415,,,,56.82
2018.6686,,,,57.57
2018.6958,,,,59.69
2018.7229,,,,58.99
2018.7501,,,,60.87
2018.7772,,,,58.19
2018.8044,,,,59.2
2018.8315,,,,61.61
2018.8586,,,,60
2018.8858,,,,59.53
2018.9129,,,,58.23
2018.9401,,,,57.92
2018.9673,,,,58
2018.9944,,,,59.57
2019.0215,,,,59.05
2019.0486,,,,64.59
2019.0758,,,,60.94
2019.103,,,,62.38
2019.1301,,,,61.01
2019.1463,,,,61.44
2019.1877,,,,62.29
2019.2115,,,,64.91
2019.2387,,,,62.9
2019.2596,,,,60.78
2019.293,,,,60.54
2019.3202,,,,63.32
2019.3474,,,,65.54
2019.3744,,,,63.46
2019.4016,,,,61.84
2019.4287,,,,60.32
2019.4559,,,,64.15
2019.483,,,,64.37
2019.5102,,,,66.13
2019.5374,,,,64.83
2019.5644,,,,63.78
2019.5917,,,,62.88
2019.6187,,,,65.73
2019.6459,,,,67.47
2019.6731,,,,66.21
2019.7001,,,,65.37
2019.7273,,,,64.91
2019.7545,,,,62.64
2019.7817,,,,64.02
2019.8088,,,,63.99
2019.836,,,,63.27
2019.8631,,,,67.02
2019.8903,,,,65
2019.9174,,,,64.13
2019.9446,,,,65.94
2019.9717,,,,64.82
2019.9988,,,,65.88
2020.026,,,,63.16
2020.0532,,,,60.77
2020.0749,,,,62.61
2020.1118,,,,66.77
2020.1346,,,,65.58
2020.1617,,,,63.5
2020.1889,,,,65.1
2020.216,,,,62.72
2020.2432,,,,65.22
2020.2693,,,,66.02
